referee_id,name
1,Ray Acosta
2,Brandon Adair
3,Mark Ayotte
4,Brent Barnaky
5,Curtis Blair
6,Matt Boland
7,Tony Brothers
8,Tony Brown
9,Nick Buchert
10,John Butler
11,James Capers Jr.
12,Derrick Collins
13,John Conley
14,Sean Corbin
15,Kevin Cutler
16,Mousa Dagher
17,Eric Dalen
18,Marc Davis
19,J.B. DeRosa
20,Mitchell Ervin
21,Kane Fitzgerald
22,Tyler Ford
23,Brian Forte
24,Scott Foster
25,Pat Fraher
26,Jacyn Goble
27,John Goble
28,Jason Goldenberg
29,Nate Green
30,David Guthrie
31,Simone Jelks
32,Courtney Kirkland
33,Marat Kogut
34,Karl Lane
35,Eric Lewis
36,Mark Lindsay
37,Tre Maddox
38,Ed Malloy
39,Ken Mauer
40,Suyash Mehta
41,Rodney Mott
42,Ashley Moyer-Gleich
43,Matt Myers
44,Andy Nagy
45,Brett Nansel
46,J.T. Orr
47,Gediminas Petraitis
48,Phenizee Ransom
49,Derek Richardson
50,Leroy Richardson
51,Natalie Sago
52,Jenna Schroeder
53,Evan Scott
54,Kevin Scott
55,Aaron Smith
56,Michael Smith
57,Bill Spooner
58,Jonathan Sterling
59,Ben Taylor
60,Dedric Taylor
61,Josh Tiven
62,Scott Twardoski
63,Justin Van Duyne
64,Scott Wall
65,C.J. Washington
66,Tom Washington
67,James Williams
68,Leon Wood
69,Haywoode Workman
70,Sean Wright
71,Zach Zarba